{"initial": {"base": "Fe", "init_t": 1223.0, "D_0": 100.0, "e_deform": 0.6, "v_deform": 3.2, "chemComposition": {"C": 0.1, "Mn": 2.0, "Si": 0.25, "Mo": 0.15, "Ti": 0.055, "V": 0.02, "Nb": 0.045, "Zr": 0.0001, "Al": 0.002, "N": 0.009, "Fe": 97.3689}, "lattice_type": "FCC", "max_step": 100000000, "r_init": 10.0, "d_tau": 100, "max_x": 1, "max_tau": 1000000000000000, "tolerance": 1e-05}, "result": {"x_t": {"0.0": 0.9998577363451282, "100.0": 0.9999999999999998, "200.0": 1.0}, "growth_rates": {"0.0": {"Ti_C_N": 1.0862089331161295e-07, "Nb_C_N": -8.544437924072775e-09, "Al_C_N": 6.359260685231315e-09, "Zr_C_N": -2.1838522047715104e-08}, "100.0": {"Ti_C_N": 1.0768747494462556e-20, "Nb_C_N": 1.5738579343869295e-09, "Al_C_N": -2.0382708051863117e-09, "Zr_C_N": 1.1185513635399374e-13}, "200.0": {"Ti_C_N": 1.0768708183396872e-20, "Nb_C_N": 6.741041319653531e-09, "Al_C_N": -5.698171704994704e-10, "Zr_C_N": 1.1180440571495652e-13}}, "n_current": {"0.0": {"Ti_C_N": 1030246111837.5969, "Nb_C_N": 990259933469.1637, "Al_C_N": 4736193914717.736, "Zr_C_N": 326902431481445.44}, "100.0": {"Ti_C_N": 1030246111837.5973, "Nb_C_N": 1921182557492.3215, "Al_C_N": 8840588214428.816, "Zr_C_N": 327013330251332.25}, "200.0": {"Ti_C_N": 1030246111837.5977, "Nb_C_N": 2852039824929.994, "Al_C_N": 12917086977845.172, "Zr_C_N": 327124191841082.2}}, "r_current": {"0.0": {"Ti_C_N": 1.0862089331161295e-05, "Nb_C_N": -8.544437924072774e-07, "Al_C_N": 6.359260685231315e-07, "Zr_C_N": 9.855193158091723e-08}, "100.0": {"Ti_C_N": 1.086208933116345e-05, "Nb_C_N": 1.5738579343869294e-07, "Al_C_N": 2.2807280257055208e-07, "Zr_C_N": 9.857430514799066e-08}, "200.0": {"Ti_C_N": 1.0862089331165605e-05, "Nb_C_N": 8.464470481262054e-07, "Al_C_N": 1.141409386643782e-07, "Zr_C_N": 9.859666856605659e-08}}, "current_concentrations": {"0.0": {"C": 0.1, "Mn": 2.0, "Si": 0.25, "Mo": 0.15, "Ti": 0.055, "V": 0.02, "Nb": 0.045, "Zr": 0.0001, "Al": 0.002, "N": 0.009, "Fe": 97.3689}, "100.0": {"C": 0.0551965626453359, "Mn": 2.0021797396335583, "Si": 0.2502724674541948, "Mo": 0.15016348047251687, "Ti": 4.9840771845539297e-08, "V": 0.020021797396335587, "Nb": 0.0452907853941162, "Zr": 4.9840771845539297e-08, "Al": 0.0018555922786360917, "N": 4.9840771845539297e-08, "Fe": 97.47501942520299}, "200.0": {"C": 0.055196238554784074, "Mn": 2.0021800571830233, "Si": 0.2502725071478779, "Mo": 0.15016350428872674, "Ti": 4.9840779750379263e-08, "V": 0.020021800571830235, "Nb": 0.045287866540380306, "Zr": 4.9840779750379263e-08, "Al": 0.0018429913514664662, "N": 4.9756323414178934e-08, "Fe": 97.47503488492404}}, "disl_dens": {"0.0": 1234563034229223.2, "100.0": 1178388597016643.0, "200.0": 1178384063479141.5}, "d_current": {"0.0": 147.1993335755831, "100.0": 159.35852105439798, "200.0": 160.7734705946845}, "temperature": 1223.0}}