{
    "Qsd_parameters": {
        "Qsd_main_parametres": {
            "Qsd_intercept": 311691.0,
            "Qsd_exp_coef": -278242.0,
            "Qsd_exp_index": -0.394
        },
        "Qsd_elem_parametres_list": {
            "Mn": [88752.0, 0.310],
            "Si": [22801.0, 1.000],
            "Mo": [84864.0, 0.650],
            "Ni": [-38575.0, 0.300],
            "V": [-7298.0, 1.000],
            "Nb": [132594.0, 0.263],
            "Ti": [82128.0, 0.401],
            "Cr": [0.0, 0.000],
            "W": [0.0, 0.000],
            "Al": [0.0, 0.000],
            "Co": [0.0, 0.000]
        }
    },

    "Qd_params": {
        "intercept": 267000.0,
        "C_coef": -2535.52,
        "Mn_coef": 1010.0,
        "Si_coef": 33620.76,
        "Mo_coef": 35651.28,
        "Ti_coef": 93680.52,
        "Ti_index": 0.5919,
        "V_coef": 31673.46,
        "Nb_index": 0.5649,
        "Nb_coef": 70729
    },

    "pic_def_params_n": {
        "intercept": 0.161842770261532,
        "C": -0.00696611705120967,
        "Si": 0.000411126099894321,
        "Mn": -0.00195610427350708,
        "Mo": -0.0414779247496787,
        "Ti": -0.219036103186581,
        "V": -0.336962200415879,
        "Nb": 0.416986308305169,
        "N": 2.41384210803522
    },

    "pic_def_params_A": {
        "intercept": 0.0917675486280388,
        "C": 0.00926549708330233,
        "Si": -0.000911941287290171,
        "Mn": 0.00214928161680221,
        "Mo": 0.069515483004259,
        "Ti": 0.0349197422162702,
        "V": -0.0244100370067512,
        "Nb": -0.0584538744552952,
        "N": 0.441598554601606
    },

    "return_parametrs": {
        "v_D": 2.0E12,
        "mu_pre_coef": 2.6,
        "U_rec": 248100.0,
        "V_rec_factor": 2900.0,
        "V_rec_exp": -5.5E-4
    },

    "diffusion_parameters": {
        "Nb": {
            "a": 7.5e-5,
			"q": -264000.0 
        },
        "Ti": {
            "a": 1.5e-5,
			"q": -251000.0
    },
    "V": {
			"a": 2.5e-5,
            "q": -239183.7452
        },
        "Al": {
            "a": 9.62e-8,
			"q": -190943
        },
        "Zr": {
            "a": 5.63E-4,
            "q": -198400.0
        }
    },

    "dislocations_diffusion": {
        "Nb": {
            "a": 1.0E-4,
            "q": -172500.0
        },
        "Ti": {
            "a": 45.0E-4,
            "q": -170000.0
        },
        "V": {
            "a": 2.5E-4,
            "q": -160000.0
        },
        "Al": {
            "a": 2.17E-4,
            "q": -160000.0
        },
        "Zr": {
            "a": 2.53E-4,
            "q": -1322400.0
        }
    },

    "compounds_dens": {
        "Nb_C": 7820,
        "Ti_C": 4930,
        "V_C": 5770,
        "Zr_C": 6730,
        "Ti_N": 5400,
        "Nb_N": 8470,
        "V_N": 6130,
        "Zr_N": 7090,
        "Al_N": 3260
    },

    "eq_constant_params": {
        "TiN": {
            "Q": 13807.0,
            "A": 0,
            "S": 5.356
        },
        "NbN": {
            "Q": 13703.0,
            "A": 0,
            "S": 5.0566
        },
        "VN": {
            "Q": 9574.371,
            "A": 0,
            "S": 4.71283
        },
        "ZrN": {
            "Q": 15676.093,
            "A": 0,
            "S": 5.5887
        },
        "AlN": {
            "Q": 14173.019,
            "A": 0,
            "S": 6.0591
        },
        "TiC": {
            "Q": 8397.913,
            "A": 0.00013,
            "S": 4.0023
        },
        "NbC": {
            "Q": 9219.0,
            "A": 0,
            "S": 3.6565
        },
        "VC": {
            "Q": 5474.0,
            "A": 0,
            "S": 4.5724
        },
        "ZrC": {
            "Q": 8659.0,
            "A": 0,
            "S": 5.1397
        }
    },

    "vagner_interactions": {
        "N": {
            "cross": {
                "Ni": {
                    "Cr": -0.00008
                }
            },
            "r": {
                "Ni": {
                    "q": 0,
                    "s": 0.00007
                },
                "Cr": {
                    "q": 0,
                    "s": 0.00032
                }
            },
            "e": {
                "C": {
                    "q": 0,
                    "s": 0.13
                },
                "Mn": {
                    "q": 0,
                    "s": -0.091
                },
                "Si": {
                    "q": 0,
                    "s": 0.047
                },
                "O": {
                    "q": 0,
                    "s": 0.05
                },
                "S": {
                    "q": 0,
                    "s": 0.007
                },
                "Al": {
                    "q": 0,
                    "s": -0.028
                },
                "Cr": {
                    "q": 0,
                    "s": -0.047
                },
                "Ni": {
                    "q": 0,
                    "s": 0.01
                },
                "Cu": {
                    "q": 0,
                    "s": 0.009
                },
                "Mo": {
                    "q": 0,
                    "s": -0.011
                },
                "Ti": {
                    "q": 0,
                    "s": -0.53
                },
                "Nb": {
                    "q": 0,
                    "s": -0.06
                },
                "V": {
                    "q": 0,
                    "s": -0.093
                },
                "Zr": {
                    "q": 0,
                    "s": -0.63
                }
            }
        },
        "Al": {
            "r": {
                "C": {
                    "q": 0,
                    "s": -0.004
                },
                "Si": {
                    "q": 0,
                    "s": -0.0006
                },
                "Al": {
                    "q": 0,
                    "s": -0.001
                }
            },
            "e": {
                "C": {
                    "q": 0,
                    "s": 0.091
                },
                "Si": {
                    "q": 0,
                    "s": 0.0056
                },
                "Al": {
                    "q": 63.0,
                    "s": 0.011
                },
                "O": {
                    "q": 34740.0,
                    "s": 11.95
                },
                "Ca": {
                    "q": 0,
                    "s": -0.047
                },
                "S": {
                    "q": 0,
                    "s": 0.03
                },
                "N": {
                    "q": 0,
                    "s": -0.58
                }
            },
            "cross": {}
        },
        "C": {
            "e": {
                "C": {
                    "q": 0,
                    "s": 0.14
                },
                "Mn": {
                    "q": 0,
                    "s": -0.012
                },
                "Si": {
                    "q": 0,
                    "s": 0.078
                },
                "O": {
                    "q": 0,
                    "s": -0.34
                },
                "Ca": {
                    "q": 0,
                    "s": -0.097
                },
                "S": {
                    "q": 0,
                    "s": 0.046
                },
                "Al": {
                    "q": 0,
                    "s": 0.043
                },
                "N": {
                    "q": 0,
                    "s": 0.11
                },
                "Cr": {
                    "q": 0,
                    "s": -0.024
                },
                "Ni": {
                    "q": 0,
                    "s": 0.012
                },
                "Cu": {
                    "q": 0,
                    "s": 0.016
                },
                "Mo": {
                    "q": 0,