{"0": 0, "0.01": 1.1037584179973692e-09, "0.02": 8.830065345577509e-09, "0.03": 2.9801468515167073e-08, "0.04": 7.064050921989917e-08, "0.05": 1.3796971676249825e-07, "0.060000000000000005": 2.384116002396297e-07, "0.07": 3.785886366625135e-07, "0.08": 5.651232581893595e-07, "0.09": 8.046378358050887e-07, "0.09999999999999999": 1.1037546611136761e-06, "0.10999999999999999": 1.469095925688002e-06, "0.11999999999999998": 1.9072836977551688e-06, "0.12999999999999998": 2.424939896994438e-06, "0.13999999999999999": 3.0286862662265435e-06, "0.15": 3.7251443409935803e-06, "0.16": 4.520935417362537e-06, "0.17": 5.422680516176115e-06, "0.18000000000000002": 6.437000345749233e-06, "0.19000000000000003": 7.570515261234867e-06, "0.20000000000000004": 8.829845223323751e-06, "0.21000000000000005": 1.0221609752614214e-05, "0.22000000000000006": 1.1752427882538719e-05, "0.23000000000000007": 1.342891810984792e-05, "0.24000000000000007": 1.5257698342652226e-05, "0.25000000000000006": 1.7245385845576777e-05, "0.26000000000000006": 1.939859718336212e-05, "0.2700000000000001": 2.1723948161467277e-05, "0.2800000000000001": 2.4228053764563384e-05, "0.2900000000000001": 2.691752809202974e-05, "0.3000000000000001": 2.979898429211758e-05, "0.3100000000000001": 3.287903449278318e-05, "0.3200000000000001": 3.616428973063357e-05, "0.3300000000000001": 3.966135987720776e-05, "0.34000000000000014": 4.337685356292642e-05, "0.35000000000000014": 4.731737809915426e-05, "0.36000000000000015": 5.1489539413474006e-05, "0.37000000000000016": 5.5899941903692074e-05, "0.38000000000000017": 6.055518844261254e-05, "0.3900000000000002": 6.546188023237587e-05, "0.4000000000000002": 7.062661672863069e-05, "0.4100000000000002": 7.605599554727505e-05, "0.4200000000000002": 8.17566123697544e-05, "0.4300000000000002": 8.773506084580607e-05, "0.4400000000000002": 9.39979324937612e-05, "0.45000000000000023": 0.00010055181659818224, "0.46000000000000024": 0.00010740330010594601, "0.47000000000000025": 0.00011455896751932926, "0.48000000000000026": 0.00012202540078676272, "0.49000000000000027": 0.0001298091791919198, "0.5000000000000002": 0.00013791687923969675, "0.5100000000000002": 0.00014635507454019425, "0.5200000000000002": 0.00015513033569047874, "0.5300000000000002": 0.00016424923015412318, "0.5400000000000003": 0.00017371832213786131, "0.5500000000000003": 0.00018354417246668753, "0.5600000000000003": 0.00019373333845629226, "0.5700000000000003": 0.00020429237378349896, "0.5800000000000003": 0.00021522782835348142, "0.5900000000000003": 0.000226546248166537, "0.6000000000000003": 0.00023825417518041903, "0.6100000000000003": 0.000250358147172558, "0.6200000000000003": 0.0002628646975980642, "0.6300000000000003": 0.00027578035544728596, "0.6400000000000003": 0.0002891116450995934, "0.6500000000000004": 0.00030286508617638486, "0.6600000000000004": 0.00031704719339054055, "0.6700000000000004": 0.00033166447639465524, "0.6800000000000004": 0.0003467234396270502, "0.6900000000000004": 0.00036223058215467674, "0.7000000000000004": 0.0003781923975150203, "0.7100000000000004": 0.00039461537355522935, "0.7200000000000004": 0.00041150599332162585, "0.7300000000000004": 0.0004288707307960049, "0.7400000000000004": 0.0004467160567174222, "0.7500000000000004": 0.00046504843452233047, "0.7600000000000005": 0.0004838743211212915, "0.7700000000000005": 0.0005032001667257813, "0.7800000000000005": 0.0005230324146726639, "0.7900000000000005": 0.000543377501247222, "0.8000000000000005": 0.0005642418555028561, "0.8100000000000005": 0.0005856318990803411, "0.8200000000000005": 0.0006075540460240836, "0.8300000000000005": 0.0006300147025964931, "0.8400000000000005": 0.0006530202670907981, "0.8500000000000005": 0.0006765771296416423, "0.8600000000000005": 0.000700691672033682, "0.8700000000000006": 0.0007253702675082963, "0.8800000000000006": 0.0007506192805686318, "0.8900000000000006": 0.0007764450667823164, "0.9000000000000006": 0.0008028539725831729, "0.9100000000000006": 0.000829852335069603, "0.9200000000000006": 0.0008574464818028593, "0.9300000000000006": 0.0008856427306023207, "0.9400000000000006": 0.0009144473893392124, "0.9500000000000006": 0.0009438667557292169, "0.9600000000000006": 0.0009739071171220859, "0.9700000000000006": 0.0010045747502909208, "0.9800000000000006": 0.0010358759212186763, "0.9900000000000007": 0.0010678168848835545, "1.0000000000000007": 0.0011004038850426223}