{
    "initial": {
        "base": "Fe",
        "init_t": 1350.0,
        "D_0": 83.0,
        "e_deform": 0.35,
        "v_deform": 2.0,
        "chemComposition": {
            "C": 0.15,
            "Mn": 0.55,
            "Si": 0.26,
            "Mo": 0.01,
            "Ti": 0.02,
            "V": 0.03,
            "Nb": 0.02,
            "Zr": 0.03,
            "Al": 0.01,
            "N": 0.006,
            "Fe": 98.91399999999999
        },
        "lattice_type": "FCC",
        "max_step": 100000,
        "r_init": 10.0,
        "d_tau": 0.01,
        "max_x": 0.999,
        "max_tau": 1,
        "tolerance": 1e-05
    },
    "result": {
        "elements_consumption": {
            "Ti_C": 0.00030720596946775907,
            "Nb_C": 0.001871217913925648,
            "V_C": 8.735778719710652e-07,
            "Al_N": 0.0004609423782676458,
            "Zr_C": 1.4405428490135823e-05,
            "Ti_N": 0.0026883618682622904,
            "Nb_N": 0.004614040791988373,
            "V_N": 2.010891668528547e-05,
            "Zr_N": 0.0238680600374937
        },
        "percents_of_compounds": {
            "Ti_C": 3.9364184412528878,
            "Nb_C": 21.64850713272471,
            "V_C": 0.011710253727735265,
            "Al_N": 0.6751700715294615,
            "Zr_C": 0.17683624963796968,
            "Ti_N": 5.443986264635785,
            "Nb_N": 8.319440466505137,
            "V_N": 0.05562108445641793,
            "Zr_N": 59.73231003552989
        },
        "carbides_mass": 0.0025147433059471906,
        "nitrides_mass": 0.03704297569500047,
        "elements_in_solution": {
            "C": 0.14973819259727306,
            "Mn": 0.55,
            "Si": 0.26,
            "Mo": 0.01,
            "Ti": 0.017011161389691283,
            "V": 0.02999088121395927,
            "Nb": 0.013520089533112165,
            "Zr": 0.006119955448795584,
            "Al": 0.009542832548616669,
            "N": 0.0006087791168291925,
            "Fe": 98.91399999999999
        }
    }
}