{"initial": {"base": "Fe", "init_t": 1223.0, "D_0": 100.0, "e_deform": 0.6, "v_deform": 3.2, "chemComposition": {"C": 0.1, "Mn": 2.0, "Si": 0.25, "Mo": 0.15, "Ti": 0.055, "V": 0.02, "Nb": 0.045, "Zr": 0.0001, "Al": 0.002, "N": 0.009, "Fe": 97.3689}, "lattice_type": "FCC", "max_step": 100000000, "r_init": 10.0, "d_tau": 100, "max_x": 1, "max_tau": 1000000000000000, "tolerance": 1e-05}, "result": {"elements_consumption": {"Ti_C": 0.014398664474487302, "Nb_C": 0.028661690711975094, "V_C": 1.1905431747436524e-05, "Al_N": 0.0006181427001953128, "Zr_C": 2.530086040496827e-07, "Ti_N": 0.022557555352294152, "Nb_N": 0.010307815074920654, "V_N": 3.739750385284425e-05, "Zr_N": 9.602407455444338e-05}, "percents_of_compounds": {"Ti_C": 27.89866103030576, "Nb_C": 46.90630650814265, "V_C": 0.017645149221677998, "Al_N": 0.10323685281782492, "Zr_C": 0.0002864499443189026, "Ti_N": 18.64810544739445, "Nb_N": 6.401864584574445, "V_N": 0.013819605783957741, "Zr_N": 0.010074371814927256}, "carbides_mass": 0.0503910768658144, "nitrides_mass": 0.042113058465373054, "elements_in_solution": {"C": 0.09276725030376351, "Mn": 2.0, "Si": 0.25, "Mo": 0.15, "Ti": 0.018060486870434645, "V": 0.019969169371859975, "Nb": 0.006036077834713173, "Zr": 3.726363882195465e-06, "Al": 0.0013831367585035888, "N": 0.0005043427783705892, "Fe": 97.3689}}}